{"cameraMode":{"drawMode":0,"name":"Shaded","section":"Shading Mode"},"sceneLighting":false,"audioPlay":false,"sceneViewState":{"showFog":true,"showMaterialUpdate":false,"showSkybox":true,"showFlares":true,"showImageEffects":true,"showParticleSystems":true},"in2DMode":false,"pivot":{"x":-0.524223804473877,"y":0.46754276752471926,"z":-0.5015104413032532},"rotation":{"x":-0.03349602594971657,"y":0.8495851159095764,"z":-0.5235889554023743,"w":-0.05434795841574669},"size":0.3240068554878235,"orthographic":false}