{"cameraMode":{"drawMode":0,"name":"Shaded","section":"Shading Mode"},"sceneLighting":false,"audioPlay":false,"sceneViewState":{"showFog":true,"showMaterialUpdate":false,"showSkybox":true,"showFlares":true,"showImageEffects":true,"showParticleSystems":true},"in2DMode":false,"pivot":{"x":-0.42320072650909426,"y":-0.4674469828605652,"z":-1.3902615308761597},"rotation":{"x":0.03243499994277954,"y":0.9112576842308044,"z":-0.40400630235671999,"w":0.073163703083992},"size":0.8383013606071472,"orthographic":false}