{"cameraMode":{"drawMode":0,"name":"Shaded","section":"Shading Mode"},"sceneLighting":false,"audioPlay":false,"sceneViewState":{"showFog":true,"showMaterialUpdate":false,"showSkybox":true,"showFlares":true,"showImageEffects":true,"showParticleSystems":true},"in2DMode":false,"pivot":{"x":-0.5055714249610901,"y":0.29727935791015627,"z":-0.7374105453491211},"rotation":{"x":-0.03473449870944023,"y":0.881625771522522,"z":-0.4660780131816864,"w":-0.06569921970367432},"size":0.3616986870765686,"orthographic":false}